,Month,Year,,,,,,,,,,,
5-Feb-71,02,1971,101.339996,,,,,,,,,,
1-Mar-71,03,1971,105.970001,,,,,,,,,,
1-Apr-71,04,1971,112.300003,,,,,,,,,,
3-May-71,05,1971,108.25,,,,,,,,,,
1-Jun-71,06,1971,107.800003,,,,,,,,,,
1-Jul-71,07,1971,105.269997,,,Date,,Open,High,Low,Close,Volume,Adj Close
2-Aug-71,08,1971,108.419998,,,,,,,,,,
1-Sep-71,09,1971,109.029999,,,,,,,,,,
1-Oct-71,10,1971,105.099998,,,,,,,,,,
1-Nov-71,11,1971,103.970001,,,,,,,,,,
1-Dec-71,12,1971,114.120003,,,,,,,,,,
3-Jan-72,01,1972,118.870003,,,,,,,,,,
1-Feb-72,02,1972,125.379997,,,,,,,,,,
1-Mar-72,03,1972,128.139999,,,,,,,,,,
3-Apr-72,04,1972,131.330002,,,,,,,,,,
1-May-72,05,1972,132.529999,,,,,,,,,,
1-Jun-72,06,1972,130.080002,,,,,,,,,,
3-Jul-72,07,1972,127.75,,,,,,,,,,
1-Aug-72,08,1972,129.949997,,,,,,,,,,
1-Sep-72,09,1972,129.610001,,,,,,,,,,
2-Oct-72,10,1972,130.240005,,,,,,,,,,
1-Nov-72,11,1972,132.960007,,,,,,,,,,
1-Dec-72,12,1972,133.729996,,,,,,,,,,
2-Jan-73,01,1973,128.399994,,,,,,,,,,
1-Feb-73,02,1973,120.410004,,,,,,,,,,
1-Mar-73,03,1973,117.459999,,,,,,,,,,
2-Apr-73,04,1973,107.849998,,,,,,,,,,
1-May-73,05,1973,102.639999,,,,,,,,,,
1-Jun-73,06,1973,100.980003,,,,,,,,,,
2-Jul-73,07,1973,108.639999,,,,,,,,,,
1-Aug-73,08,1973,104.870003,,,,,,,,,,
4-Sep-73,09,1973,111.199997,,,,,,,,,,
1-Oct-73,10,1973,110.169998,,,,,,,,,,
1-Nov-73,11,1973,93.510002,,,,,,,,,,
3-Dec-73,12,1973,92.190002,,,,,,,,,,
2-Jan-74,01,1974,94.93,,,,,,,,,,
1-Feb-74,02,1974,94.349998,,,,,,,,,,
1-Mar-74,03,1974,92.269997,,,,,,,,,,
1-Apr-74,04,1974,86.860001,,,,,,,,,,
1-May-74,05,1974,80.199997,,,,,,,,,,
3-Jun-74,06,1974,75.959999,,,,,,,,,,
1-Jul-74,07,1974,69.989998,,,,,,,,,,
1-Aug-74,08,1974,62.369999,,,,,,,,,,
3-Sep-74,09,1974,55.669998,,,,,,,,,,
1-Oct-74,10,1974,65.230003,,,,,,,,,,
1-Nov-74,11,1974,62.950001,,,,,,,,,,
2-Dec-74,12,1974,59.82,,,,,,,,,,
2-Jan-75,01,1975,69.779999,,,,,,,,,,
3-Feb-75,02,1975,73,,,,,,,,,,
3-Mar-75,03,1975,75.660004,,,,,,,,,,
1-Apr-75,04,1975,78.540001,,,,,,,,,,
1-May-75,05,1975,83.099998,,,,,,,,,,
2-Jun-75,06,1975,87.019997,,,,,,,,,,
1-Jul-75,07,1975,83.190002,,,,,,,,,,
1-Aug-75,08,1975,79.010002,,,,,,,,,,
2-Sep-75,09,1975,74.330002,,,,,,,,,,
1-Oct-75,10,1975,76.989998,,,,,,,,,,
3-Nov-75,11,1975,78.800003,,,,,,,,,,
1-Dec-75,12,1975,77.620003,,,,,,,,,,
2-Jan-76,01,1976,87.050003,,,,,,,,,,
2-Feb-76,02,1976,90.260002,,,,,,,,,,
1-Mar-76,03,1976,90.620003,,,,,,,,,,
1-Apr-76,04,1976,90.080002,,,,,,,,,,
3-May-76,05,1976,88.040001,,,,,,,,,,
1-Jun-76,06,1976,90.32,,,,,,,,,,
1-Jul-76,07,1976,91.290001,,,,,,,,,,
2-Aug-76,08,1976,89.699997,,,,,,,,,,
1-Sep-76,09,1976,91.260002,,,,,,,,,,
1-Oct-76,10,1976,90.349998,,,,,,,,,,
1-Nov-76,11,1976,91.120003,,,,,,,,,,
1-Dec-76,12,1976,97.879997,,,,,,,,,,
3-Jan-77,01,1977,95.540001,,,,,,,,,,
1-Feb-77,02,1977,94.57,,,,,,,,,,
1-Mar-77,03,1977,94.129997,,,,,,,,,,
1-Apr-77,04,1977,95.480003,,,,,,,,,,
2-May-77,05,1977,95.589996,,,,,,,,,,
1-Jun-77,06,1977,99.730003,,,,,,,,,,
1-Jul-77,07,1977,100.650002,,,,,,,,,,
1-Aug-77,08,1977,100.099998,,,,,,,,,,
1-Sep-77,09,1977,100.849998,,,,,,,,,,
3-Oct-77,10,1977,97.519997,,,,,,,,,,
1-Nov-77,11,1977,103.150002,,,,,,,,,,
1-Dec-77,12,1977,105.050003,,,,,,,,,,
3-Jan-78,01,1978,100.839996,,,,,,,,,,
1-Feb-78,02,1978,101.470001,,,,,,,,,,
1-Mar-78,03,1978,106.199997,,,,,,,,,,
3-Apr-78,04,1978,115.18,,,,,,,,,,
1-May-78,05,1978,120.239998,,,,,,,,,,
1-Jun-78,06,1978,120.300003,,,,,,,,,,
3-Jul-78,07,1978,126.32,,,,,,,,,,
1-Aug-78,08,1978,135.009995,,,,,,,,,,
1-Sep-78,09,1978,132.889999,,,,,,,,,,
2-Oct-78,10,1978,111.120003,,,,,,,,,,
1-Nov-78,11,1978,114.690002,,,,,,,,,,
1-Dec-78,12,1978,117.980003,,,,,,,,,,
2-Jan-79,01,1979,125.82,,,,,,,,,,
1-Feb-79,02,1979,122.559998,,,,,,,,,,
1-Mar-79,03,1979,131.759995,,,,,,,,,,
2-Apr-79,04,1979,133.820007,,,,,,,,,,
1-May-79,05,1979,131.419998,,,,,,,,,,
1-Jun-79,06,1979,138.130005,,,,,,,,,,
2-Jul-79,07,1979,141.330002,,,,,,,,,,
1-Aug-79,08,1979,150.440002,,,,,,,,,,
4-Sep-79,09,1979,149.979996,,,,,,,,,,
1-Oct-79,10,1979,135.529999,,,,,,,,,,
1-Nov-79,11,1979,144.259995,,,,,,,,,,
3-Dec-79,12,1979,151.139999,,,,,,,,,,
2-Jan-80,01,1980,161.75,,,,,,,,,,
1-Feb-80,02,1980,158.029999,,,,,,,,,,
3-Mar-80,03,1980,131,,,,,,,,,,
1-Apr-80,04,1980,139.990005,,,,,,,,,,
1-May-80,05,1980,150.449997,,,,,,,,,,
2-Jun-80,06,1980,157.779999,,,,,,,,,,
1-Jul-80,07,1980,171.809998,,,,,,,,,,
1-Aug-80,08,1980,181.520004,,,,,,,,,,
2-Sep-80,09,1980,187.759995,,,,,,,,,,
1-Oct-80,10,1980,192.779999,,,,,,,,,,
3-Nov-80,11,1980,208.149994,,,,,,,,,,
1-Dec-80,12,1980,202.339996,,,,,,,,,,
2-Jan-81,01,1981,197.809998,,,,,,,,,,
2-Feb-81,02,1981,198.009995,,,,,,,,,,
2-Mar-81,03,1981,210.179993,,,,,,,,,,
1-Apr-81,04,1981,216.740005,,,,,,,,,,
1-May-81,05,1981,223.470001,,,,,,,,,,
1-Jun-81,06,1981,215.75,,,,,,,,,,
1-Jul-81,07,1981,211.630005,,,,,,,,,,
3-Aug-81,08,1981,195.75,,,,,,,,,,
1-Sep-81,09,1981,180.029999,,,,,,,,,,
1-Oct-81,10,1981,195.240005,,,,,,,,,,
2-Nov-81,11,1981,201.369995,,,,,,,,,,
1-Dec-81,12,1981,195.839996,,,,,,,,,,
4-Jan-82,01,1982,188.389999,,,,,,,,,,
1-Feb-82,02,1982,179.429993,,,,,,,,,,
1-Mar-82,03,1982,175.649994,,,,,,,,,,
1-Apr-82,04,1982,184.699997,,,,,,,,,,
3-May-82,05,1982,178.539993,,,,,,,,,,
1-Jun-82,06,1982,171.300003,,,,,,,,,,
1-Jul-82,07,1982,167.350006,,,,,,,,,,
2-Aug-82,08,1982,177.710007,,,,,,,,,,
1-Sep-82,09,1982,187.649994,,,,,,,,,,
1-Oct-82,10,1982,212.630005,,,,,,,,,,
1-Nov-82,11,1982,232.309998,,,,,,,,,,
1-Dec-82,12,1982,232.410004,,,,,,,,,,
3-Jan-83,01,1983,248.350006,,,,,,,,,,
1-Feb-83,02,1983,260.670013,,,,,,,,,,
1-Mar-83,03,1983,270.799988,,,,,,,,,,
4-Apr-83,04,1983,293.059998,,,,,,,,,,
2-May-83,05,1983,308.730011,,,,,,,,,,
1-Jun-83,06,1983,318.700012,,,,,,,,,,
1-Jul-83,07,1983,303.959991,,,,,,,,,,
1-Aug-83,08,1983,292.420013,,,,,,,,,,
1-Sep-83,09,1983,296.649994,,,,,,,,,,
3-Oct-83,10,1983,274.549988,,,,,,,,,,
1-Nov-83,11,1983,285.670013,,,,,,,,,,
1-Dec-83,12,1983,278.600006,,,,,,,,,,
3-Jan-84,01,1984,268.429993,,,,,,,,,,
1-Feb-84,02,1984,252.570007,,,,,,,,,,
1-Mar-84,03,1984,250.779999,,,,,,,,,,
2-Apr-84,04,1984,247.440002,,,,,,,,,,
1-May-84,05,1984,232.820007,,,,,,,,,,
1-Jun-84,06,1984,239.649994,,,,,,,,,,
2-Jul-84,07,1984,229.699997,,,,,,,,,,
1-Aug-84,08,1984,254.639999,,,,,,,,,,
4-Sep-84,09,1984,249.940002,,,,,,,,,,
1-Oct-84,10,1984,247,,,,,,,,,,
1-Nov-84,11,1984,242.399994,,,,,,,,,,
3-Dec-84,12,1984,247.100006,,,,,,,,,,
2-Jan-85,01,1985,278.700012,,,,,,,,,,
1-Feb-85,02,1985,284.200012,,,,,,,,,,
1-Mar-85,03,1985,279.200012,,,,,,,,,,
1-Apr-85,04,1985,280.600006,,,,,,,,,,
1-May-85,05,1985,290.799988,,,,,,,,,,
3-Jun-85,06,1985,296.200012,,,,,,,,,,
1-Jul-85,07,1985,301.299988,,,,,,,,,,
1-Aug-85,08,1985,297.700012,,,,,,,,,,
3-Sep-85,09,1985,280.299988,,,,,,,,,,
1-Oct-85,10,1985,292.5,,,,,,,,,,
1-Nov-85,11,1985,314,,,,,,,,,,
2-Dec-85,12,1985,324.899994,,,,,,,,,,
2-Jan-86,01,1986,335.799988,,,,,,,,,,
3-Feb-86,02,1986,359.5,,,,,,,,,,
3-Mar-86,03,1986,374.700012,,,,,,,,,,
1-Apr-86,04,1986,383.200012,,,,,,,,,,
1-May-86,05,1986,400.200012,,,,,,,,,,
2-Jun-86,06,1986,405.5,,,,,,,,,,
1-Jul-86,07,1986,371.399994,,,,,,,,,,
1-Aug-86,08,1986,382.899994,,,,,,,,,,
2-Sep-86,09,1986,350.700012,,,,,,,,,,
1-Oct-86,10,1986,360.799988,,,,,,,,,,
3-Nov-86,11,1986,359.600006,,,,,,,,,,
1-Dec-86,12,1986,348.799988,,,,,,,,,,
2-Jan-87,01,1987,392.100006,,,,,,,,,,
2-Feb-87,02,1987,425,,,,,,,,,,
2-Mar-87,03,1987,430.100006,,,,,,,,,,
1-Apr-87,04,1987,417.799988,,,,,,,,,,
1-May-87,05,1987,416.5,,,,,,,,,,
1-Jun-87,06,1987,424.700012,,,,,,,,,,
1-Jul-87,07,1987,434.899994,,,,,,,,,,
3-Aug-87,08,1987,455,,,,,,,,,,
1-Sep-87,09,1987,444.299988,,,,,,,,,,
1-Oct-87,10,1987,323.299988,,,,,,,,,,
2-Nov-87,11,1987,305.200012,,,,,,,,,,
1-Dec-87,12,1987,330.5,,,,,,,,,,
4-Jan-88,01,1988,344.700012,,,,,,,,,,
1-Feb-88,02,1988,367,,,,,,,,,,
1-Mar-88,03,1988,374.600006,,,,,,,,,,
4-Apr-88,04,1988,379.200012,,,,,,,,,,
2-May-88,05,1988,370.299988,,,,,,,,,,
1-Jun-88,06,1988,394.700012,,,,,,,,,,
1-Jul-88,07,1988,387.299988,,,,,,,,,,
1-Aug-88,08,1988,376.600006,,,,,,,,,,
1-Sep-88,09,1988,387.700012,,,,,,,,,,
3-Oct-88,10,1988,382.5,,,,,,,,,,
1-Nov-88,11,1988,371.5,,,,,,,,,,
1-Dec-88,12,1988,381.399994,,,,,,,,,,
3-Jan-89,01,1989,401.299988,,,,,,,,,,
1-Feb-89,02,1989,399.700012,,,,,,,,,,
1-Mar-89,03,1989,406.700012,,,,,,,,,,
3-Apr-89,04,1989,427.600006,,,,,,,,,,
1-May-89,05,1989,446.200012,,,,,,,,,,
1-Jun-89,06,1989,435.299988,,,,,,,,,,
3-Jul-89,07,1989,453.799988,,,,,,,,,,
1-Aug-89,08,1989,469.299988,,,,,,,,,,
1-Sep-89,09,1989,472.899994,,,,,,,,,,
2-Oct-89,10,1989,455.600006,,,,,,,,,,
1-Nov-89,11,1989,456.100006,,,,,,,,,,
1-Dec-89,12,1989,454.799988,,,,,,,,,,
2-Jan-90,01,1990,415.799988,,,,,,,,,,
1-Feb-90,02,1990,425.799988,,,,,,,,,,
1-Mar-90,03,1990,435.5,,,,,,,,,,
2-Apr-90,04,1990,420.100006,,,,,,,,,,
1-May-90,05,1990,459,,,,,,,,,,
1-Jun-90,06,1990,462.299988,,,,,,,,,,
2-Jul-90,07,1990,438.200012,,,,,,,,,,
1-Aug-90,08,1990,381.200012,,,,,,,,,,
4-Sep-90,09,1990,344.5,,,,,,,,,,
1-Oct-90,10,1990,329.799988,,,,,,,,,,
1-Nov-90,11,1990,359.100006,,,,,,,,,,
3-Dec-90,12,1990,373.799988,,,,,,,,,,
2-Jan-91,01,1991,414.200012,,,,,,,,,,
1-Feb-91,02,1991,453.100006,,,,,,,,,,
1-Mar-91,03,1991,482.299988,,,,,,,,,,
1-Apr-91,04,1991,484.720001,,,,,,,,,,
1-May-91,05,1991,506.109985,,,,,,,,,,
3-Jun-91,06,1991,475.920013,,,,,,,,,,
1-Jul-91,07,1991,502.040009,,,,,,,,,,
1-Aug-91,08,1991,525.679993,,,,,,,,,,
3-Sep-91,09,1991,526.880005,,,,,,,,,,
1-Oct-91,10,1991,542.97998,,,,,,,,,,
1-Nov-91,11,1991,523.900024,,,,,,,,,,
2-Dec-91,12,1991,586.340027,,,,,,,,,,
2-Jan-92,01,1992,620.210022,,,,,,,,,,
3-Feb-92,02,1992,633.469971,,,,,,,,,,
2-Mar-92,03,1992,603.77002,,,,,,,,,,
1-Apr-92,04,1992,578.679993,,,,,,,,,,
1-May-92,05,1992,585.309998,,,,,,,,,,
1-Jun-92,06,1992,563.599976,,,,,,,,,,
1-Jul-92,07,1992,580.830017,,,,,,,,,,
3-Aug-92,08,1992,563.119995,,,,,,,,,,
1-Sep-92,09,1992,583.27002,,,,,,,,,,
1-Oct-92,10,1992,605.169983,,,,,,,,,,
2-Nov-92,11,1992,652.72998,,,,,,,,,,
1-Dec-92,12,1992,676.950012,,,,,,,,,,
4-Jan-93,01,1993,696.340027,,,,,,,,,,
1-Feb-93,02,1993,670.77002,,,,,,,,,,
1-Mar-93,03,1993,690.130005,,,,,,,,,,
1-Apr-93,04,1993,661.419983,,,,,,,,,,
3-May-93,05,1993,700.530029,,,,,,,,,,
1-Jun-93,06,1993,703.950012,,,,,,,,,,
1-Jul-93,07,1993,704.700012,,,,,,,,,,
2-Aug-93,08,1993,742.840027,,,,,,,,,,
1-Sep-93,09,1993,762.780029,,,,,,,,,,
1-Oct-93,10,1993,779.26001,,,,,,,,,,
1-Nov-93,11,1993,754.390015,,,,,,,,,,
1-Dec-93,12,1993,776.799988,,,,,,,,,,
3-Jan-94,01,1994,800.469971,,,,,,,,,,
1-Feb-94,02,1994,792.5,,,,,,,,,,
1-Mar-94,03,1994,743.460022,,,,,,,,,,
4-Apr-94,04,1994,733.840027,,,,,,,,,,
2-May-94,05,1994,735.190002,,,,,,,,,,
1-Jun-94,06,1994,705.960022,,,,,,,,,,
1-Jul-94,07,1994,722.159973,,,,,,,,,,
1-Aug-94,08,1994,765.619995,,,,,,,,,,
1-Sep-94,09,1994,764.289978,,,,,,,,,,
3-Oct-94,10,1994,777.48999,,,,,,,,,,
1-Nov-94,11,1994,750.320007,,,,,,,,,,
1-Dec-94,12,1994,751.960022,,,,,,,,,,
3-Jan-95,01,1995,755.200012,,,,,,,,,,
1-Feb-95,02,1995,793.72998,,,,,,,,,,
1-Mar-95,03,1995,817.210022,,,,,,,,,,
3-Apr-95,04,1995,843.97998,,,,,,,,,,
1-May-95,05,1995,864.580017,,,,,,,,,,
1-Jun-95,06,1995,933.450012,,,,,,,,,,
3-Jul-95,07,1995,1001.210022,,,,,,,,,,
1-Aug-95,08,1995,1020.109985,,,,,,,,,,
1-Sep-95,09,1995,1043.540039,,,,,,,,,,
2-Oct-95,10,1995,1036.060059,,,,,,,,,,
1-Nov-95,11,1995,1059.199951,,,,,,,,,,
1-Dec-95,12,1995,1052.130005,,,,,,,,,,
2-Jan-96,01,1996,1059.790039,,,,,,,,,,
1-Feb-96,02,1996,1100.050049,,,,,,,,,,
1-Mar-96,03,1996,1101.400024,,,,,,,,,,
1-Apr-96,04,1996,1190.52002,,,,,,,,,,
1-May-96,05,1996,1243.430054,,,,,,,,,,
3-Jun-96,06,1996,1185.02002,,,,,,,,,,
1-Jul-96,07,1996,1080.589966,,,,,,,,,,
1-Aug-96,08,1996,1141.5,,,,,,,,,,
3-Sep-96,09,1996,1226.920044,,,,,,,,,,
1-Oct-96,10,1996,1221.51001,,,,,,,,,,
1-Nov-96,11,1996,1292.609985,,,,,,,,,,
2-Dec-96,12,1996,1291.030029,,,,,,,,,,
2-Jan-97,01,1997,1379.849976,,,,,,,,,,
3-Feb-97,02,1997,1309,,,,,,,,,,
3-Mar-97,03,1997,1221.699951,,,,,,,,,,
1-Apr-97,04,1997,1260.76001,,,,,,,,,,
1-May-97,05,1997,1400.319946,,,,,,,,,,
2-Jun-97,06,1997,1442.069946,,,,,,,,,,
1-Jul-97,07,1997,1593.810059,,,,,,,,,,
1-Aug-97,08,1997,1587.319946,,,,,,,,,,
2-Sep-97,09,1997,1685.689941,,,,,,,,,,
1-Oct-97,10,1997,1593.609985,,,,,,,,,,
3-Nov-97,11,1997,1600.550049,,,,,,,,,,
1-Dec-97,12,1997,1570.349976,,,,,,,,,,
2-Jan-98,01,1998,1619.359985,,,,,,,,,,
2-Feb-98,02,1998,1770.51001,,,,,,,,,,
2-Mar-98,03,1998,1835.680054,,,,,,,,,,
1-Apr-98,04,1998,1868.410034,,,,,,,,,,
1-May-98,05,1998,1778.869995,,,,,,,,,,
1-Jun-98,06,1998,1894.73999,,,,,,,,,,
1-Jul-98,07,1998,1872.390015,,,,,,,,,,
3-Aug-98,08,1998,1499.25,,,,,,,,,,
1-Sep-98,09,1998,1693.839966,,,,,,,,,,
1-Oct-98,10,1998,1771.390015,,,,,,,,,,
2-Nov-98,11,1998,1949.540039,,,,,,,,,,
1-Dec-98,12,1998,2192.689941,,,,,,,,,,
4-Jan-99,01,1999,2505.889893,,,,,,,,,,
1-Feb-99,02,1999,2288.030029,,,,,,,,,,
1-Mar-99,03,1999,2461.399902,,,,,,,,,,
1-Apr-99,04,1999,2542.860107,,,,,,,,,,
3-May-99,05,1999,2470.52002,,,,,,,,,,
1-Jun-99,06,1999,2686.120117,,,,,,,,,,
1-Jul-99,07,1999,2638.48999,,,,,,,,,,
2-Aug-99,08,1999,2739.350098,,,,,,,,,,
1-Sep-99,09,1999,2746.159912,,,,,,,,,,
1-Oct-99,10,1999,2966.429932,,,,,,,,,,
1-Nov-99,11,1999,3336.159912,,,,,,,,,,
1-Dec-99,12,1999,4069.310059,,,,,,,,,,
3-Jan-00,01,2000,3940.350098,,,,,,,,,,
1-Feb-00,02,2000,4696.689941,,,,,,,,,,
1-Mar-00,03,2000,4572.830078,,,,,,,,,,
3-Apr-00,04,2000,3860.659912,,,,,,,,,,
1-May-00,05,2000,3400.909912,,,,,,,,,,
1-Jun-00,06,2000,3966.110107,,,,,,,,,,
3-Jul-00,07,2000,3766.98999,,,,,,,,,,
1-Aug-00,08,2000,4206.350098,,,,,,,,,,
1-Sep-00,09,2000,3672.820068,,,,,,,,,,
2-Oct-00,10,2000,3369.629883,,,,,,,,,,
1-Nov-00,11,2000,2597.929932,,,,,,,,,,
1-Dec-00,12,2000,2470.52002,,,,,,,,,,
2-Jan-01,01,2001,2772.72998,,,,,,,,,,
1-Feb-01,02,2001,2151.830078,,,,,,,,,,
1-Mar-01,03,2001,1840.26001,,,,,,,,,,
2-Apr-01,04,2001,2116.23999,,,,,,,,,,
1-May-01,05,2001,2110.48999,,,,,,,,,,
1-Jun-01,06,2001,2160.540039,,,,,,,,,,
2-Jul-01,07,2001,2027.130005,,,,,,,,,,
1-Aug-01,08,2001,1805.430054,,,,,,,,,,
4-Sep-01,09,2001,1498.800049,,,,,,,,,,
1-Oct-01,10,2001,1690.199951,,,,,,,,,,
1-Nov-01,11,2001,1930.579956,,,,,,,,,,
3-Dec-01,12,2001,1950.400024,,,,,,,,,,
2-Jan-02,01,2002,1934.030029,,,,,,,,,,
1-Feb-02,02,2002,1731.48999,,,,,,,,,,
1-Mar-02,03,2002,1845.349976,,,,,,,,,,
1-Apr-02,04,2002,1688.22998,,,,,,,,,,
1-May-02,05,2002,1615.72998,,,,,,,,,,
3-Jun-02,06,2002,1463.209961,,,,,,,,,,
1-Jul-02,07,2002,1328.26001,,,,,,,,,,
1-Aug-02,08,2002,1314.849976,,,,,,,,,,
3-Sep-02,09,2002,1172.060059,,,,,,,,,,
1-Oct-02,10,2002,1329.75,,,,,,,,,,
1-Nov-02,11,2002,1478.780029,,,,,,,,,,
2-Dec-02,12,2002,1335.51001,,,,,,,,,,
2-Jan-03,01,2003,1320.910034,,,,,,,,,,
3-Feb-03,02,2003,1337.52002,,,,,,,,,,
3-Mar-03,03,2003,1341.170044,,,,,,,,,,
1-Apr-03,04,2003,1464.310059,,,,,,,,,,
1-May-03,05,2003,1595.910034,,,,,,,,,,
2-Jun-03,06,2003,1622.800049,,,,,,,,,,
1-Jul-03,07,2003,1735.02002,,,,,,,,,,
1-Aug-03,08,2003,1810.449951,,,,,,,,,,
2-Sep-03,09,2003,1786.939941,,,,,,,,,,
1-Oct-03,10,2003,1932.209961,,,,,,,,,,
3-Nov-03,11,2003,1960.26001,,,,,,,,,,
1-Dec-03,12,2003,2003.369995,,,,,,,,,,
2-Jan-04,01,2004,2066.149902,,,,,,,,,,
2-Feb-04,02,2004,2029.819946,,,,,,,,,,
1-Mar-04,03,2004,1994.219971,,,,,,,,,,
1-Apr-04,04,2004,1920.150024,,,,,,,,,,
3-May-04,05,2004,1986.73999,,,,,,,,,,
1-Jun-04,06,2004,2047.790039,,,,,,,,,,
1-Jul-04,07,2004,1887.359985,,,,,,,,,,
2-Aug-04,08,2004,1838.099976,,,,,,,,,,
1-Sep-04,09,2004,1896.839966,,,,,,,,,,
1-Oct-04,10,2004,1974.98999,,,,,,,,,,
1-Nov-04,11,2004,2096.810059,,,,,,,,,,
1-Dec-04,12,2004,2175.439941,,,,,,,,,,
3-Jan-05,01,2005,2062.409912,,,,,,,,,,
1-Feb-05,02,2005,2051.719971,,,,,,,,,,
1-Mar-05,03,2005,1999.22998,,,,,,,,,,
1-Apr-05,04,2005,1921.650024,,,,,,,,,,
2-May-05,05,2005,2068.219971,,,,,,,,,,
1-Jun-05,06,2005,2056.959961,,,,,,,,,,
1-Jul-05,07,2005,2184.830078,,,,,,,,,,
1-Aug-05,08,2005,2152.090088,,,,,,,,,,
1-Sep-05,09,2005,2151.689941,,,,,,,,,,
3-Oct-05,10,2005,2120.300049,,,,,,,,,,
1-Nov-05,11,2005,2232.820068,,,,,,,,,,
1-Dec-05,12,2005,2205.320068,,,,,,,,,,
3-Jan-06,01,2006,2305.820068,,,,,,,,,,
1-Feb-06,02,2006,2281.389893,,,,,,,,,,
1-Mar-06,03,2006,2339.790039,,,,,,,,,,
3-Apr-06,04,2006,2322.570068,,,,,,,,,,
1-May-06,05,2006,2178.879883,,,,,,,,,,
1-Jun-06,06,2006,2172.090088,,,,,,,,,,
3-Jul-06,07,2006,2091.469971,,,,,,,,,,
1-Aug-06,08,2006,2183.75,,,,,,,,,,
1-Sep-06,09,2006,2258.429932,,,,,,,,,,
2-Oct-06,10,2006,2366.709961,,,,,,,,,,
1-Nov-06,11,2006,2431.77002,,,,,,,,,,
1-Dec-06,12,2006,2415.290039,,,,,,,,,,
3-Jan-07,01,2007,2463.929932,,,,,,,,,,
1-Feb-07,02,2007,2416.149902,,,,,,,,,,
1-Mar-07,03,2007,2421.639893,,,,,,,,,,
2-Apr-07,04,2007,2525.090088,,,,,,,,,,
1-May-07,05,2007,2604.52002,,,,,,,,,,
1-Jun-07,06,2007,2603.22998,,,,,,,,,,
2-Jul-07,07,2007,2546.27002,,,,,,,,,,
1-Aug-07,08,2007,2596.360107,,,,,,,,,,
4-Sep-07,09,2007,2701.5,,,,,,,,,,
1-Oct-07,10,2007,2859.120117,,,,,,,,,,
1-Nov-07,11,2007,2660.959961,,,,,,,,,,
3-Dec-07,12,2007,2652.280029,,,,,,,,,,
2-Jan-08,01,2008,2389.860107,,,,,,,,,,
1-Feb-08,02,2008,2271.47998,,,,,,,,,,
3-Mar-08,03,2008,2279.100098,,,,,,,,,,
1-Apr-08,04,2008,2412.800049,,,,,,,,,,
1-May-08,05,2008,2522.659912,,,,,,,,,,
2-Jun-08,06,2008,2292.97998,,,,,,,,,,
1-Jul-08,07,2008,2325.550049,,,,,,,,,,
1-Aug-08,08,2008,2367.52002,,,,,,,,,,
2-Sep-08,09,2008,2091.879883,,,,,,,,,,
1-Oct-08,10,2008,1720.949951,,,,,,,,,,
3-Nov-08,11,2008,1535.569946,,,,,,,,,,
1-Dec-08,12,2008,1577.030029,,,,,,,,,,
2-Jan-09,01,2009,1476.420044,,,,,,,,,,
2-Feb-09,02,2009,1377.839966,,,,,,,,,,
2-Mar-09,03,2009,1528.589966,,,,,,,,,,
1-Apr-09,04,2009,1717.300049,,,,,,,,,,
1-May-09,05,2009,1774.329956,,,,,,,,,,
1-Jun-09,06,2009,1835.040039,,,,,,,,,,
1-Jul-09,07,2009,1978.5,,,,,,,,,,
3-Aug-09,08,2009,2009.060059,,,,,,,,,,
1-Sep-09,09,2009,2122.419922,,,,,,,,,,
1-Oct-09,10,2009,2045.109985,,,,,,,,,,
2-Nov-09,11,2009,2144.600098,,,,,,,,,,
1-Dec-09,12,2009,2269.149902,,,,,,,,,,
4-Jan-10,01,2010,2147.350098,,,,,,,,,,
1-Feb-10,02,2010,2238.26001,,,,,,,,,,
1-Mar-10,03,2010,2397.959961,,,,,,,,,,
1-Apr-10,04,2010,2461.189941,,,,,,,,,,
3-May-10,05,2010,2257.040039,,,,,,,,,,
1-Jun-10,06,2010,2109.23999,,,,,,,,,,
1-Jul-10,07,2010,2254.699951,,,,,,,,,,
2-Aug-10,08,2010,2114.030029,,,,,,,,,,
1-Sep-10,09,2010,2368.620117,,,,,,,,,,
1-Oct-10,10,2010,2507.409912,,,,,,,,,,
1-Nov-10,11,2010,2498.22998,,,,,,,,,,
1-Dec-10,12,2010,2652.870117,,,,,,,,,,
3-Jan-11,01,2011,2700.080078,,,,,,,,,,
1-Feb-11,02,2011,2782.27002,,,,,,,,,,
1-Mar-11,03,2011,2781.070068,,,,,,,,,,
1-Apr-11,04,2011,2873.540039,,,,,,,,,,
2-May-11,05,2011,2835.300049,,,,,,,,,,
1-Jun-11,06,2011,2773.52002,,,,,,,,,,
1-Jul-11,07,2011,2756.379883,,,,,,,,,,
1-Aug-11,08,2011,2579.459961,,,,,,,,,,
1-Sep-11,09,2011,2415.399902,,,,,,,,,,
3-Oct-11,10,2011,2684.409912,,,,,,,,,,
1-Nov-11,11,2011,2620.340088,,,,,,,,,,
1-Dec-11,12,2011,2605.149902,,,,,,,,,,
3-Jan-12,01,2012,2813.840088,,,,,,,,,,
1-Feb-12,02,2012,2966.889893,,,,,,,,,,
1-Mar-12,03,2012,3091.570068,,,,,,,,,,
2-Apr-12,04,2012,3046.360107,,,,,,,,,,
1-May-12,05,2012,2827.340088,,,,,,,,,,
1-Jun-12,06,2012,2935.050049,,,,,,,,,,
2-Jul-12,07,2012,2939.52002,,,,,,,,,,
1-Aug-12,08,2012,3066.959961,,,,,,,,,,
4-Sep-12,09,2012,3116.22998,,,,,,,,,,
1-Oct-12,10,2012,2977.22998,,,,,,,,,,
1-Nov-12,11,2012,3010.23999,,,,,,,,,,
3-Dec-12,12,2012,3019.51001,,,,,,,,,,
2-Jan-13,01,2013,3142.129883,,,,,,,,,,
1-Feb-13,02,2013,3160.189941,,,,,,,,,,
1-Mar-13,03,2013,3267.52002,,,,,,,,,,
1-Apr-13,04,2013,3328.790039,,,,,,,,,,
1-May-13,05,2013,3455.909912,,,,,,,,,,
3-Jun-13,06,2013,3403.25,,,,,,,,,,
1-Jul-13,07,2013,3626.370117,,,,,,,,,,
1-Aug-13,08,2013,3589.870117,,,,,,,,,,
3-Sep-13,09,2013,3771.47998,,,,,,,,,,
1-Oct-13,10,2013,3919.709961,,,,,,,,,,
1-Nov-13,11,2013,4059.889893,,,,,,,,,,
2-Dec-13,12,2013,4176.589844,,,,,,,,,,
2-Jan-14,01,2014,4103.879883,,,,,,,,,,
3-Feb-14,02,2014,4308.120117,,,,,,,,,,
3-Mar-14,03,2014,4198.990234,,,,,,,,,,
1-Apr-14,04,2014,4114.560059,,,,,,,,,,
1-May-14,05,2014,4242.620117,,,,,,,,,,
2-Jun-14,06,2014,4408.180176,,,,,,,,,,
1-Jul-14,07,2014,4369.77002,,,,,,,,,,
1-Aug-14,08,2014,4580.27002,,,,,,,,,,
2-Sep-14,09,2014,4493.390137,,,,,,,,,,
1-Oct-14,10,2014,4630.740234,,,,,,,,,,
3-Nov-14,11,2014,4791.629883,,,,,,,,,,
1-Dec-14,12,2014,4736.049805,,,,,,,,,,
2-Jan-15,01,2015,4635.240234,,,,,,,,,,
2-Feb-15,02,2015,4963.529785,,,,,,,,,,
2-Mar-15,03,2015,4900.879883,,,,,,,,,,
1-Apr-15,04,2015,4941.419922,,,,,,,,,,
1-May-15,05,2015,5070.029785,,,,,,,,,,
1-Jun-15,06,2015,4986.870117,,,,,,,,,,
1-Jul-15,07,2015,5128.279785,,,,,,,,,,
3-Aug-15,08,2015,4776.509766,,,,,,,,,,
1-Sep-15,09,2015,4620.160156,,,,,,,,,,
1-Oct-15,10,2015,5053.75,,,,,,,,,,
2-Nov-15,11,2015,5108.669922,,,,,,,,,,
1-Dec-15,12,2015,5007.410156,,,,,,,,,,
4-Jan-16,01,2016,4613.950195,,,,,,,,,,
1-Feb-16,02,2016,4557.950195,,,,,,,,,,
1-Mar-16,03,2016,4869.850098,,,,,,,,,,
1-Apr-16,04,2016,4775.359863,,,,,,,,,,
2-May-16,05,2016,4948.049805,,,,,,,,,,
1-Jun-16,06,2016,4842.669922,,,,,,,,,,
1-Jul-16,07,2016,5162.129883,,,,,,,,,,
1-Aug-16,08,2016,5159.740234,,,,,,,,,,